Linear Regression,Ridge Regression,Lasso Regression,Random Forest,Gradient Boosting,Support Vector,Actual
6.048151,6.0547094,7.202734,6.4054317,6.236697,7.2431335,3.4538579180134854
6.5081944,6.5134134,7.2826385,6.565428,6.309738,7.2070312,7.144986531548885
7.2084827,7.2057753,7.6020174,8.254805,7.72058,6.613159,10.139633645802313
7.613758,7.608962,7.8649015,8.20171,7.2241006,8.541565,7.900380014140924
7.5586767,7.553591,8.181746,7.827941,8.121878,7.044861,7.749148607839613
7.281457,7.279394,8.049561,6.8494196,6.7308283,4.8938904,7.584480946816421
6.5865397,6.589179,7.500828,7.0288224,7.001151,6.41333,11.316143887919711
6.7180586,6.7197666,7.5313487,6.494937,6.962113,7.4136963,7.025372526554109
6.435548,6.4431653,7.3883104,6.719386,6.834264,6.667053,8.289458509098655
6.822815,6.8318167,7.9358377,6.925174,6.6531067,6.4303894,8.225140323824473
6.5882607,6.5929966,7.643509,6.37998,7.0222836,7.882141,8.09742331985182
6.2766533,6.2784986,7.1379375,6.512823,7.5986743,6.2418213,5.158366047391973
6.6102524,6.609486,7.4558992,6.8808208,6.59881,6.333832,4.282031697070817
7.032917,7.031603,7.699668,6.777477,6.4495153,6.0534973,8.359019675856988
7.5011196,7.498436,8.145079,7.32586,7.702795,6.9525757,5.825223923172114
7.4654903,7.4619246,7.9404335,7.791668,8.002782,8.640991,5.658094888344161
6.812315,6.8114595,7.5966425,7.3987637,7.314793,9.073334,8.748106273949844
7.0314407,7.031415,7.779558,7.393408,7.4649076,8.849365,8.075410703284373
7.4070816,7.4106474,8.251389,7.32971,6.9818726,6.4211426,1.2857121130849023
7.943062,7.948325,8.67563,7.5841002,7.828448,7.8374023,4.203640784952484
7.6848097,7.68962,8.388183,7.3139925,7.306136,7.767334,7.491190372884985
7.307048,7.31281,8.073628,7.6509795,7.106142,8.420898,7.104907376950437
7.2771072,7.2803583,8.033524,8.269461,8.471777,8.653259,9.063582529354798
7.243531,7.25004,8.251881,7.505221,7.8426824,8.395142,4.955987678144825
7.21616,7.219986,8.297659,7.652523,7.9929476,8.319946,6.204106197418254
7.24545,7.2460165,8.248192,6.8263655,6.994955,6.9261475,5.390346166698107
7.1590652,7.1579924,7.9847193,7.1710544,7.154066,7.3785706,8.145045384859515
7.282277,7.2816467,7.7916336,7.297141,8.215128,8.990692,5.5914830277940055
7.069455,7.071163,7.7712374,7.199456,6.668356,6.917511,2.962405066384058
7.404396,7.405922,8.066734,6.768749,7.2250257,7.471405,2.336703366137926
7.266675,7.271925,8.178342,6.800641,6.8993154,5.600281,7.320895652936578
7.1349516,7.1426163,8.141532,6.244993,5.8759055,6.482605,4.345673904198177
7.077613,7.080516,7.9410543,6.885114,7.258289,6.6574097,12.475235590241471
6.9123793,6.9164076,7.7191696,6.7346373,7.15294,6.919861,9.040392548359977
7.16276,7.16531,7.958399,6.7754717,6.876192,6.8463135,8.335317399242287
7.658696,7.6638384,8.376292,7.397046,6.9849124,7.862976,4.276064142483914
7.7976522,7.8030634,8.484694,7.8074293,7.665939,6.8588257,8.73505995416813
7.6371927,7.6415825,8.213958,7.80995,7.5083127,7.220825,5.767846130017813
6.9464064,6.9530134,7.924712,6.664631,6.8684926,6.0306396,7.102441482844842
6.8221455,6.8328495,7.912634,6.760309,7.051469,4.8646545,4.91490968198646
6.4423456,6.455028,7.7261734,6.406248,6.0280857,4.7082825,10.031716766774103
6.9899216,7.000225,7.9574323,6.5067396,6.625118,5.579956,7.652167842650791
7.0222607,7.025963,7.7455473,7.5370035,7.6100607,6.0419006,2.537382163695012
7.5616236,7.5612583,8.030092,8.204586,8.190968,5.2020264,8.750769558593918
7.5826025,7.5804663,7.9714146,7.0740566,5.7644854,6.753937,8.465950459669983
7.993557,7.9939814,8.363164,7.9238806,7.6625843,7.2660522,6.202337505555322
7.892169,7.894003,8.183318,7.3282275,7.580866,5.925354,8.547508885753237
7.4066,7.41226,8.039587,7.6046143,7.472566,6.4608765,4.90979417192503
7.023011,7.02915,7.711023,7.0487556,7.3355255,6.4785156,9.014008447894108
7.0024595,7.006817,7.719578,6.6011677,6.8863115,6.0273743,6.310746130709758
7.262311,7.265997,7.9643946,7.1838827,6.6921144,6.427063,8.400679946139608
7.560297,7.5642395,8.2431555,6.8887424,6.645069,7.3710327,9.64864950979961
7.652521,7.658307,8.461718,8.048118,7.7283816,7.231079,8.857820450063643
7.689479,7.6956806,8.460623,8.213406,7.607645,7.888855,6.015693956608522
7.4797306,7.483988,8.200127,7.977748,7.800701,8.175598,7.766169673474035
7.3490944,7.351491,8.011911,8.037208,7.867093,7.7717896,5.918388086491853
7.618952,7.6166515,7.8511915,7.612379,7.6266766,7.1169434,9.437113933290576
7.4326687,7.438979,8.038128,7.923721,6.883406,8.402893,6.406140282570036
7.420521,7.428253,8.293483,6.7917633,6.8119736,7.1723633,7.097002310141892
7.6608,7.666134,8.481924,7.7527127,7.8821344,7.2610474,9.16689352565021
8.185521,8.186868,8.667837,8.404174,8.089873,8.254944,9.518522160857556
7.699998,7.706126,8.158297,8.076431,6.83115,8.219849,7.205495594408005
7.4758615,7.480914,7.8484845,7.3738165,7.7268333,9.143005,6.321738650873623
6.8265715,6.8314886,7.4296694,7.084717,6.7077026,6.5655212,9.421267988868854
7.496231,7.4942694,7.85374,6.94373,7.155061,6.4317017,6.100213240681894
7.8298254,7.831114,8.2005415,8.462772,8.164187,8.804077,9.539049761029233
8.082059,8.085491,8.451306,8.352804,8.04576,8.179382,4.987698942845274
8.242842,8.243598,8.6905,8.874551,8.396911,8.685547,7.67293619780253
8.175286,8.175424,8.731525,8.472151,8.060022,8.409119,12.4415975017739
7.956649,7.9661903,8.721984,8.066865,8.056271,8.088257,4.12545319022223
7.9046955,7.912513,8.648736,8.253626,8.02541,8.244324,8.709512497552058
7.7834377,7.792506,8.7204895,7.5336976,7.1182723,7.1914673,4.262216858717967
7.8345804,7.838601,8.576959,7.9483843,7.7169933,8.154724,9.853349233773132
7.8802204,7.8786755,8.254644,8.051325,8.027703,8.122253,11.65297439593431
7.716998,7.7172747,8.3164625,7.896095,8.403056,8.245422,6.159443207762854
7.966531,7.9663496,8.552668,8.425039,8.147945,8.494446,5.961280341378444
7.60658,7.608241,8.276544,7.240656,7.5965576,7.173218,7.794687068716623
7.813568,7.8163385,8.342327,7.866465,7.5654907,7.3016357,6.532844037192073
8.2557535,8.258352,8.816248,8.212727,7.9603744,7.096924,9.801799029012653
8.9791155,8.981065,9.51894,8.895166,9.184038,8.223267,8.309849322108587
8.785914,8.788207,9.282875,8.581871,8.868837,9.250916,3.6245971702095208
8.5259905,8.52728,8.835653,8.142801,7.8033385,8.747986,5.671543507640774
8.140772,8.142366,8.415972,8.0674925,8.620338,9.078064,6.547984061731319
8.007199,8.004322,8.17701,7.929743,8.595827,8.09668,5.689157625160435
8.413925,8.40951,8.557104,8.268499,9.554659,8.0390625,6.568721260778921
8.4281,8.421674,8.502924,8.048599,8.239702,7.048523,7.808283686979305
7.9294853,7.932851,8.374216,7.8004575,7.7269416,8.002197,7.338220089722735
7.680381,7.689006,8.307387,8.094891,8.10546,8.64679,7.769549271165855
8.103522,8.111586,8.874411,8.1591,8.843623,8.001465,10.743119075563849
8.497755,8.5011015,9.038247,8.585203,8.444836,6.8165894,11.31319159123444
8.394388,8.392759,8.817791,8.678913,8.573399,8.690186,7.53657178164506
7.622073,7.6255493,8.165467,7.5943766,7.0729895,7.208252,7.737747309161175
8.329619,8.329003,8.644043,8.583557,8.646355,8.465698,10.67020075746938
8.656067,8.6558075,8.826903,8.591713,8.69551,7.0546265,4.240730833019638
9.088115,9.083629,9.049719,8.994685,9.106459,8.030151,9.024187034137077
8.499386,8.500422,8.698639,8.873051,8.7971,8.167297,7.697958018791485
8.675151,8.6817665,9.043943,8.644197,8.674926,8.673218,8.413930883898951
8.466689,8.475266,8.9943075,7.58393,8.1390085,8.26709,9.905700811800346
8.783675,8.788183,9.225517,8.752131,7.5898247,9.0894165,7.684670726748776
8.408874,8.407615,8.731014,7.7315836,7.748955,8.499939,8.908352902360946
8.608335,8.609963,8.939912,8.435963,8.220035,9.244324,9.60084951503208
8.735587,8.739016,9.261584,8.557968,8.595319,9.523071,7.437378295043556
8.605743,8.613134,9.416984,8.049091,8.178101,9.176697,12.857938500995305
8.421762,8.428051,9.285148,7.8340654,8.033359,7.8483276,11.206066434807564
7.9519196,7.9591284,8.743168,7.3386097,7.0599947,7.376953,11.048189648692947
8.51484,8.518834,9.025013,8.16631,8.339315,7.9974365,8.873576249692384
8.670296,8.674288,9.032008,8.556374,8.423627,9.044128,8.318121869444044
9.222124,9.222129,9.141322,10.022938,9.68359,9.955994,8.875735875624514
9.567177,9.561511,9.455063,9.586787,10.552463,9.994446,10.317932607628236
9.130883,9.130307,9.438399,9.190712,9.348019,10.994507,11.027746230122071
8.658859,8.658099,9.227469,8.9117985,8.408228,9.041626,6.241314909626086
8.631692,8.632645,9.132652,8.717385,8.95413,8.689392,11.734284549311967
8.880315,8.881213,9.208653,8.571475,8.426217,8.887329,9.57887234870466
9.106276,9.11134,9.464251,8.950672,8.985394,10.890747,5.561446552314809
9.25256,9.25771,9.597837,9.217415,8.187673,9.4609375,10.86515193072931
9.486346,9.487886,9.619722,9.179228,10.038878,9.231445,10.538712748301812
9.236023,9.235885,9.389819,8.965702,9.008366,8.795227,4.950081153095776
8.929311,8.927393,8.926997,8.558753,8.447589,8.41687,13.585978453305316
9.02889,9.02506,9.019918,9.11435,9.040019,9.374268,7.84793578312453
9.58286,9.578327,9.333406,9.021145,8.980096,9.45343,5.806333032898292
9.648918,9.649102,9.776971,9.649715,9.4374485,9.05304,11.475268672602173
9.304403,9.308052,9.598249,9.546987,9.652309,8.736328,10.161762574891078
9.134674,9.13859,9.607567,9.479868,9.654713,9.550354,5.32137514055305
9.525509,9.527548,9.758076,8.911375,9.11983,9.428406,6.622697010537184
9.787186,9.787063,10.05297,9.497427,8.920584,9.6119995,9.422524969770844
9.741921,9.741977,9.966662,9.802645,9.5263605,9.324158,11.204100339498568
9.138872,9.143214,9.657625,8.791704,8.937374,8.292908,9.39240586125119
8.769009,8.774631,9.232275,8.363848,8.318193,8.282227,7.185046011328943
8.595814,8.60202,9.249412,7.9145765,8.393675,7.723633,6.637847325038715
9.19428,9.193206,9.455969,9.321283,9.185856,9.4730835,9.517476303591128
9.659086,9.654542,9.660246,9.017335,9.153753,9.322754,9.875619457021587
9.62472,9.621144,9.53488,9.950867,10.2103,9.226379,7.943581528188187
8.909243,8.911144,8.98213,8.130604,8.491377,7.907959,9.493352272401308
8.704528,8.7084255,8.96755,8.184815,8.197753,9.059082,9.696167908398689
9.157671,9.159178,9.321518,8.834908,8.751309,8.610962,7.402855366638239
9.837602,9.839383,10.03657,9.176751,9.203348,9.863281,11.392054807378637
9.735011,9.740031,10.002274,9.683704,9.728275,8.717041,9.77471949140152
9.597598,9.605766,9.91114,9.081766,9.893132,7.5565796,10.212233667362597
9.735805,9.739403,9.882039,9.041328,9.380111,8.864014,8.794028920097277
10.147598,10.145174,10.226487,9.073214,9.30431,9.291077,9.059101047462928
9.919412,9.917177,10.157763,9.588676,9.909074,9.59137,11.956097709202844
9.515819,9.514515,9.793541,9.410164,9.461651,9.178894,5.561434991626491
9.159485,9.160677,9.513615,9.2397785,9.309788,8.893677,11.22106953049778
8.927554,8.925787,9.043171,8.7817955,8.738324,8.734436,10.768689321457032
9.258657,9.25501,9.209063,9.301937,9.054764,8.74292,7.4102418798542
9.06609,9.065374,9.09766,9.181831,8.979755,9.704529,8.518877076027936
9.9536705,9.950037,9.784869,10.011196,9.686318,9.996582,8.784704972637835
10.023466,10.024729,10.169403,10.7941475,10.039651,10.199829,7.765070689447284
10.489327,10.488376,10.460197,10.266417,10.505841,9.898071,13.628312918296084
10.160658,10.158846,10.310005,10.183868,9.975291,9.401794,11.756458361292063
10.05018,10.044798,10.001707,9.636689,10.122504,9.012817,8.057362563625857
9.705436,9.704001,9.808149,9.99803,9.876525,11.409119,10.067963975129384
9.496867,9.500274,9.696007,9.708872,9.420199,10.630493,13.628180422383409
9.797424,9.803167,10.15423,9.659391,10.177471,9.660767,7.86227156367366
10.11418,10.117939,10.314874,9.674505,9.938655,7.9627075,9.782159646279796
10.294478,10.297743,10.418058,10.039964,10.014374,9.056335,9.354699025281285
9.845833,9.847356,9.662765,9.792681,9.750453,9.243042,11.00242347099019
10.0633,10.0630865,9.800883,9.835292,9.7696,8.857117,9.84997761533741
10.427404,10.432763,10.646938,9.536663,10.170611,10.397583,10.769346318872062
10.105469,10.11155,10.578676,9.46328,9.927047,10.1866455,9.926992695376304
10.072799,10.07708,10.446575,9.0362835,9.421838,9.222168,6.255313189684076
10.167548,10.172305,10.419624,10.517681,10.877183,10.6073,14.417354957134044
10.634804,10.638565,10.50049,11.08227,10.9068165,12.062744,9.902443556091637
10.169345,10.173704,10.204193,10.562995,10.744046,9.700623,11.177678360060698
10.9896145,10.991791,11.079799,10.787527,11.146219,11.079224,9.79989267664476
10.742848,10.743167,10.85903,10.585869,10.550547,11.090332,6.846137949453769
10.946195,10.940241,10.856037,11.306879,10.1997175,11.839355,12.2390168706969
10.844827,10.844404,10.927172,10.562798,10.707575,12.138062,10.746517513800343
10.365257,10.366029,10.353758,10.538233,11.301441,11.300476,10.388207815969338
10.69722,10.697224,10.574932,9.838264,10.487685,10.0199585,12.112992371618786
10.221317,10.217857,10.097248,9.246626,9.558046,7.991455,10.861716445995604
10.424081,10.419885,10.436881,9.807293,10.062141,9.931091,6.541329303422108
10.286416,10.284158,10.288201,10.489839,10.344691,11.942993,11.06220149162574
10.304052,10.30342,10.257906,10.703897,10.569977,11.333618,5.428524117166779
10.63643,10.636302,10.722941,10.808479,10.808515,11.795776,8.409488065742874
9.837525,9.846494,10.338495,9.013056,9.0659075,10.149719,10.703786383972174
9.904275,9.9137535,10.330566,9.7074375,9.867226,10.450989,9.574090599668525
10.1169615,10.124495,10.275455,9.486925,9.841607,9.981079,11.92800681567774
11.112081,11.115709,10.805716,11.65023,11.742382,12.196289,13.951315939664845
10.84658,10.851045,10.630627,10.429869,10.898851,10.220703,9.518063565616291
11.422733,11.425232,11.297677,11.408707,11.584498,12.212524,9.61155329738581
10.913623,10.915731,10.990419,10.946875,10.434533,11.411621,11.708434902567216
11.250702,11.250834,11.153374,11.864113,11.483969,11.662659,11.157635933150452
10.901444,10.903877,10.900152,11.052125,10.798716,10.605835,8.652756374345726
11.048142,11.053058,10.828851,10.9704485,10.624048,10.923218,9.655590004663914
10.926729,10.93201,10.807676,11.245171,11.4722595,11.588928,12.159232100343884
10.899828,10.904171,10.773214,11.316605,11.336742,12.354675,12.056285117715923
10.980558,10.979041,10.9052725,11.140123,10.768408,11.256287,11.831489055132396
11.325349,11.32077,11.087202,11.966503,11.688456,12.219238,10.616079709070776
11.087974,11.083035,10.8587055,11.505756,11.702332,11.4036255,13.2058512837678
10.894213,10.897681,10.937332,11.401566,11.574001,11.571594,11.944450235082272
10.769138,10.774885,10.999271,10.904301,9.69088,13.464172,6.912093054264787
11.139107,11.144742,11.19782,11.615093,11.3904915,12.941162,11.525683749163695
11.329492,11.327571,11.089815,11.483595,11.289808,11.709961,7.675066175113897
11.613905,11.610993,11.114868,12.208044,12.333292,12.071899,7.611294082397209
11.526412,11.526407,11.169404,12.323851,12.03925,12.404724,8.555283979814144
11.685432,11.683709,11.26289,11.893745,11.7493515,12.333557,8.361625211090871
11.204693,11.20424,10.97302,11.168589,11.501828,11.857727,11.362998824073346
10.815958,10.821348,10.93535,10.837524,10.5030575,11.508667,8.064288573680692
11.35658,11.360215,11.370943,11.409996,11.8312235,11.761047,16.49766382355874
11.545188,11.545209,11.374221,11.661207,11.3793,12.297119,16.195576579905662
12.047681,12.045168,11.793445,11.753515,12.266809,12.573059,12.855003376614489
11.751723,11.748993,11.555702,11.944606,11.560271,13.782959,10.477130306356168
11.180724,11.174626,10.970934,11.610844,11.224112,14.039001,8.41034013612638
11.100381,11.096405,10.964811,10.914594,10.967471,12.655212,12.806791869280786
11.211778,11.203547,10.803228,11.440179,11.9387045,14.611755,11.450181573694858
11.940619,11.9353895,11.520776,11.887577,11.821306,12.45993,4.994199736401928
11.866572,11.860305,11.433583,12.234133,12.209458,11.974152,9.801503359167723
11.74621,11.741824,11.549631,11.506697,11.420918,12.230347,10.573733683876172
11.941262,11.939257,11.782874,12.319906,11.903081,12.417175,11.005158683146986
11.8236,11.81862,11.56852,12.163921,12.176957,10.542358,14.73714133831015
12.189594,12.182513,11.767679,12.416174,12.074251,10.421417,11.044014928765897
11.784972,11.783565,11.522354,12.924316,12.837947,11.637665,12.046465529046426
12.030128,12.029716,11.637785,12.54089,12.644701,11.931274,10.377373438061516
11.800035,11.797346,11.226399,12.360347,12.484811,11.156311,15.687065027953938
12.084761,12.0769615,11.322025,12.262707,12.285165,11.342163,7.973467892433989
12.322589,12.315695,11.573465,12.481554,12.545222,10.986694,11.419051693484125
12.454264,12.450169,11.899274,12.631542,13.217648,10.57753,9.256918504167878
13.1437845,13.143824,12.685484,13.62283,14.610929,11.165344,14.116471559769913
12.859919,12.860882,12.405272,13.349594,12.591431,12.69519,9.186532617640106
12.568856,12.569657,12.214825,12.833069,12.492056,13.195007,10.863778938990178
11.442911,11.445213,11.164871,11.535015,11.53117,12.538208,13.903557084773787
11.370057,11.373599,11.165704,11.774521,11.834278,12.811523,16.359842455595558
11.641913,11.647071,11.303486,12.199806,11.968162,11.937805,10.737534915536914
12.059172,12.062552,11.5621395,11.941084,11.930022,10.712585,8.227650009645375
12.286406,12.291301,11.790861,12.21081,12.118163,10.755432,12.951511091499077
12.232155,12.235945,11.745777,12.321459,11.809893,11.279053,12.30479582160591
12.0883465,12.093528,11.906433,12.870405,12.502422,13.918945,11.399477657234216
12.444283,12.445324,12.25309,12.940752,12.148076,14.494385,12.849994387254798
12.611877,12.610951,12.30105,12.934465,12.8832,14.322327,11.271554793383654
13.292638,13.284673,12.374039,13.198219,13.931781,14.511536,12.158793109187354
12.987015,12.978792,11.744995,13.340453,13.184402,14.49942,7.593091779818994
12.505785,12.497119,11.3510065,12.629461,12.879096,14.575958,10.272227144784544
12.258159,12.252516,11.441946,12.562909,12.518613,14.3845825,12.612243764837736
12.106291,12.101886,11.505932,11.791179,12.045775,12.816895,14.335319534989983
12.677216,12.671569,11.870459,12.874079,12.557142,12.574402,9.9704506103047
12.268698,12.262892,11.534063,12.144891,12.726412,11.894165,11.70364690824621
12.330716,12.3223295,11.4026985,12.097416,12.235365,12.0616455,12.090692525859684
11.967842,11.964611,11.42161,11.70171,11.186879,12.206665,7.588669644105418
12.770072,12.770712,12.368534,12.270315,12.706097,13.771027,10.749170627566675
12.705653,12.708397,12.72691,12.912653,12.64815,15.549164,12.980027940964558
12.700083,12.700321,12.598618,12.448541,12.123117,13.849121,11.766971624191706
12.123797,12.122411,11.8598,11.901163,11.451171,12.315735,10.994751962787149
12.700079,12.696178,12.16284,13.122049,12.931495,13.249115,10.895218164916573
13.003768,13.001574,12.49061,13.265844,13.255071,13.365662,11.791413105726308
13.503706,13.499382,12.806816,13.215033,13.020723,13.318726,10.255741066462658
12.799616,12.800922,12.270953,12.347446,12.716671,11.009735,14.650527851122355
12.420991,12.423382,11.8443985,12.923772,12.644863,11.947815,12.700162996254926
11.980781,11.983469,11.479019,11.97859,11.653301,12.432922,15.93526277833906
12.481184,12.483844,11.995356,13.026508,11.553287,13.797058,10.357923453602226
12.871532,12.875089,12.4170685,13.323946,13.404592,13.918823,11.44060748786126
12.704208,12.709074,12.378637,12.994009,13.550049,14.3880005,14.093088145987636
12.84483,12.844413,12.267367,12.819047,13.058895,12.934448,14.47208561102364
12.742786,12.739669,11.947919,12.453881,12.102602,12.100464,12.411686000583824
13.246908,13.2442,12.250003,13.355697,13.0639,12.939758,14.00469441668324
12.816759,12.82064,12.252594,13.316007,13.409689,12.039001,10.385377438024989
12.579191,12.585458,12.408796,13.240509,12.905269,10.530884,13.825184039900227
12.351151,12.355885,12.336735,12.455405,12.196233,11.446136,14.036719919575289
12.302208,12.3017,11.998182,12.011886,11.942171,11.017639,11.591413134560185
12.672628,12.668782,12.133709,12.302776,12.476789,11.364929,9.474086788015224
12.673251,12.668339,12.0163,12.133564,12.188663,11.555786,13.124672073753208
12.939744,12.937272,12.432192,13.390308,13.280952,13.503845,13.890980542376443
12.719788,12.716705,12.230386,12.926157,13.070117,11.353699,9.442975637704189
12.824604,12.821376,12.363676,13.599951,13.5487,12.8372345,14.864677607011112
12.842913,12.839048,12.243689,13.178434,12.822479,12.957642,12.719547610904026
12.879623,12.879564,12.396908,12.720974,12.827269,12.053406,13.603821825404976
12.561356,12.5645075,12.172592,12.957896,12.220664,12.119415,14.516717213147889
12.511291,12.514076,12.107611,12.83947,12.700089,12.1814575,11.203747024559188
12.838336,12.837713,12.321282,13.534605,14.489347,12.2283325,9.17244746375663
13.293873,13.290633,12.617594,13.546307,12.940362,12.341278,14.202424182947052
13.651122,13.6465,13.022137,13.3966255,14.217802,14.492508,12.80448114874443
13.436961,13.431961,12.752192,13.8083,13.744256,13.314972,7.131379771586752
13.585324,13.580742,12.926971,12.7099905,13.370139,11.06163,12.017194274349078
13.191118,13.186476,12.679914,12.751871,13.424137,13.540573,12.800326996430591
13.077662,13.073775,12.728195,12.312532,13.42628,9.483307,12.354796934017797
12.66582,12.661081,12.307207,12.237717,12.0975275,10.748352,12.633807505787376
12.757549,12.752032,12.251765,11.940922,12.447838,10.64566,11.8821896065945
13.102171,13.094764,12.320061,13.120697,13.378422,12.482269,11.152761481083155
13.1663885,13.161639,12.448406,12.834309,12.657219,13.4496765,10.727803999088572
13.17441,13.170563,12.417849,13.251961,13.813774,12.756805,13.493140702921918
13.245361,13.242641,12.463879,13.537254,13.579472,14.62146,15.860705468213448
12.906598,12.90532,12.167421,14.13888,14.23963,16.005829,12.9113373290653
12.693057,12.694699,12.1406555,13.5656395,13.721864,12.815979,15.296347365940274
12.96732,12.966782,12.133755,13.588255,13.496302,13.346222,12.57335708610306
13.190149,13.188568,12.365139,13.787643,14.030158,13.6892395,11.682533810056713
13.453731,13.449432,12.729578,13.755536,12.987326,13.614868,17.476276775242518
13.283322,13.280431,12.671919,13.760048,13.110247,13.645172,13.140966569158657
12.918286,12.915612,12.277462,12.737724,13.022613,12.618591,13.237519646294498
13.141327,13.137938,12.252428,13.4221,12.826899,14.462463,15.42642764708049
13.569461,13.568536,12.679567,13.58385,13.227436,13.729553,14.763105472356232
13.538663,13.537838,12.741337,13.862944,13.808872,13.485474,17.980967339987163
13.291246,13.293254,12.639606,13.278885,12.563282,12.777191,15.081220060990692
13.20311,13.2010145,12.447504,12.897781,12.523569,13.230896,15.06062659264938
13.350956,13.342546,12.302477,12.724909,12.527699,12.545044,11.863003128329412
13.130421,13.121729,12.156788,12.045198,12.234014,12.431366,14.439773035666915
13.341572,13.331809,12.327646,13.61517,13.45149,13.794861,17.81353999403566
12.955763,12.951715,12.04732,12.727251,12.949596,12.604797,11.93988141982379
13.1854725,13.180683,12.4398,13.476781,13.43085,13.567505,14.107431913602683
13.274775,13.271407,12.756334,13.207681,12.797226,12.601532,12.54524539737728
13.520314,13.514417,12.966215,13.357443,12.955601,13.129059,9.878875038233616
13.703827,13.697058,12.666235,13.669258,13.61715,15.095703,14.730304029824214
13.388805,13.385084,12.469448,13.35564,13.473093,13.588928,14.818338202799051
12.909609,12.91042,12.329126,12.510099,12.411951,12.086853,12.84034079945662
12.991451,12.994543,12.327524,13.263908,13.189503,11.518738,13.819466525941136
13.481419,13.480126,12.774885,13.977389,13.990768,13.82843,16.860547847777877
13.74903,13.743929,12.847288,13.99404,13.57683,13.964508,15.077416292347236
13.721123,13.715042,12.824963,13.809689,13.6038265,13.453918,14.171305520617503
13.504787,13.501658,12.921129,13.714727,13.634214,12.669769,13.42905053043182
13.733685,13.732054,13.190126,14.032107,13.652597,14.004395,6.910813067417644
13.879402,13.878626,13.406836,13.534347,13.544867,12.808716,11.702083670242704
14.050658,14.046405,13.286272,14.029062,14.1248455,12.922516,16.966402958287283
14.124655,14.118738,13.113142,13.254209,11.433635,10.067825,14.55756639286419
14.280827,14.269979,13.101086,13.173801,13.246656,13.187042,14.42174085915518
13.697861,13.69061,12.650345,13.521406,13.726111,13.207489,15.015176077184204
13.55939,13.555333,12.780712,13.5409355,13.956062,13.816864,15.692902743697571
13.511933,13.513427,12.717789,13.048395,13.056468,13.095581,9.854737880027656
13.478677,13.481519,12.602747,12.264008,12.492527,14.688263,12.91486737382701
13.686428,13.689351,12.840408,12.641554,14.73206,15.430298,16.62132955682781
13.590631,13.590225,12.867016,13.909875,14.799309,14.381836,16.784475159847847
13.86602,13.86381,13.278902,14.655744,14.862015,14.297394,12.99313339038699
13.568925,13.564784,12.990835,13.338995,13.311205,13.657471,15.613178659545689
13.601117,13.601045,13.065542,13.897385,13.967852,13.986481,12.048626570989208
13.595704,13.596275,13.036558,13.604163,13.644073,14.180115,15.117558660558354
13.808663,13.808388,12.95916,13.4765415,13.518686,12.068726,13.792149110781228
13.801346,13.798888,12.94433,13.255384,13.660573,13.966156,11.568383729617985
13.567707,13.567028,12.887098,13.705528,14.802448,13.672058,10.293994759704562
13.456742,13.453725,12.883024,13.6782465,14.660571,12.96579,15.055249536513823
13.439514,13.43692,12.829126,13.459592,13.793914,13.9470215,13.50632218405711
13.710482,13.707739,12.910797,13.1262455,13.734702,13.590149,17.535898785664497
13.6875515,13.688883,12.882826,12.748186,13.201441,12.836853,12.77263914140114
14.1055,14.1058445,13.134304,14.097853,15.388767,14.160004,15.848610465103118
13.713185,13.711646,12.75346,12.56409,12.78989,11.121185,12.548629181724491
13.757583,13.759156,12.995195,12.314779,12.165086,12.982605,14.00906447146215
13.311085,13.306787,12.439112,13.540537,13.634909,12.72403,13.709329185384563
13.467192,13.460095,12.521439,13.947375,13.4069,12.545593,15.04069789062325
13.86703,13.856328,12.475079,13.376516,14.243791,12.926361,12.971677327004766
13.987372,13.975287,12.761528,13.6068535,14.737382,13.2309265,10.774807052931004
14.048949,14.039613,12.78442,14.057594,13.562173,14.126678,13.842551598321498
13.642507,13.638212,12.656355,14.017303,13.751546,14.404236,13.192511469025288
13.762689,13.757154,12.45079,13.555762,14.04706,13.789246,13.269944146578124
13.532403,13.527448,12.218964,13.253794,13.727418,13.383301,12.554753031545994
13.860488,13.8559065,12.645649,13.471504,13.962562,13.740814,6.383292270719398
13.655589,13.655952,12.947557,14.081116,13.913746,11.929626,16.06959350904566
13.894842,13.8933935,13.243271,13.441694,13.758703,12.583466,14.171375190033118
13.7671795,13.767361,13.042328,12.630739,13.181821,11.75592,14.173838660775909
14.265019,14.262745,13.211323,13.251253,13.1213455,12.103027,14.520183769903856
14.099557,14.10009,13.228342,13.306876,13.325284,10.973236,13.549055615189296
14.246832,14.24382,13.416412,13.950492,13.711732,13.078033,14.742176989985287
13.955517,13.950863,13.25296,14.217964,14.554697,14.415222,17.78841120922883
14.033988,14.024775,12.963087,14.177076,13.920803,14.452087,10.410684600872912
13.617561,13.614452,12.875563,14.116902,14.032633,14.30777,8.928813219363494
13.760365,13.760029,12.943722,13.8847885,13.529989,12.215363,14.28550768359368
13.88993,13.892554,13.253754,14.193838,12.9932785,13.813751,15.961984510706188
14.199387,14.197868,13.422985,14.623176,14.496716,14.40361,13.118229365134114
14.184808,14.182304,13.297144,14.420876,13.962223,14.647064,15.95989184077606
14.00664,14.002694,13.17182,13.870928,14.712182,14.921967,11.928449107450774
14.260673,14.256843,13.12529,14.118685,14.284557,15.50589,14.556664730363025
13.825412,13.820673,12.605274,13.74539,13.935718,13.824097,12.914485778546617
13.401569,13.395262,12.377676,14.116942,13.957231,13.721863,13.871189042812867
13.610806,13.605119,12.732384,14.031237,13.904455,13.440338,14.553294858351592
13.699317,13.69545,12.830883,13.942648,14.002992,13.852417,16.349000517274398
14.079254,14.073825,13.292376,14.440742,13.869395,14.183411,14.045345270073636
14.064916,14.056443,13.288067,14.520265,14.070871,13.190338,13.864851796218176
13.877486,13.868373,13.013977,13.242557,12.726467,13.671417,12.804628549567514
13.914273,13.905198,13.061121,12.626685,12.5522,13.790375,12.338023045936806
13.852082,13.845429,12.877907,13.881004,14.169597,14.08313,14.1757671862178
13.806346,13.802569,12.921978,13.277584,13.217632,13.919342,17.15902465204032
13.409934,13.410459,12.678791,13.621647,13.482155,13.47345,13.330065835141532
13.371161,13.373445,12.732677,13.7755165,12.897792,14.120514,12.62458816606686
13.195418,13.199341,12.624327,13.151594,13.362249,13.197693,15.23013463517126
13.153217,13.157349,12.521784,13.084648,12.290508,12.812256,9.140291830772258
13.565239,13.567405,12.640129,12.494012,13.06403,11.21579,13.955783290584645
13.584193,13.5857525,12.645378,12.121733,12.692745,9.572968,11.085853650795222
13.937057,13.930926,12.811562,12.857136,14.106423,7.298218,12.108003438300017
13.493655,13.483995,12.469934,13.09243,12.333603,9.901062,12.650821217506268
14.060701,14.047891,12.939825,14.074844,14.109702,13.677872,15.76966142359162
14.1839485,14.174449,13.179785,14.105261,15.154594,13.9149475,13.611015999375786
14.186915,14.180974,13.282782,14.40651,14.688601,13.241669,17.870027429616655
13.724326,13.720908,12.823469,13.869158,13.699523,13.108307,14.723032984176964
13.309467,13.304745,12.216352,13.70376,13.431722,14.491455,12.509979321840612
13.412351,13.410726,12.55028,13.824062,13.3199835,14.197327,13.676326079422529
13.407766,13.402664,12.666832,14.1158905,14.363216,14.1302185,13.437652243188952
13.353466,13.350324,12.962631,13.732891,14.286619,13.270691,10.044021280436707
13.277417,13.2709255,12.682566,13.733646,13.9130745,13.217224,14.464949379752538
13.549105,13.543979,12.966267,13.405996,13.079723,11.76384,14.337225255433305
13.6266775,13.62371,13.050417,13.152153,13.092997,11.596329,14.01291090387586
13.541125,13.539629,13.109602,13.466913,13.303351,12.922958,13.974995029127015
13.401192,13.400223,12.839127,13.423492,13.589426,13.377441,19.71146443534193
13.673624,13.671869,12.921213,13.789102,13.876363,14.7699585,15.865459700189696
13.951384,13.946135,12.973352,13.716078,13.973508,14.860962,5.757881578422447
13.87278,13.866221,12.988384,14.252451,13.997492,14.268829,15.906235689501768
13.213492,13.207413,12.515165,13.993059,13.625315,14.082428,17.1886704114939
13.104762,13.102791,12.587027,12.971586,13.290398,12.587341,14.290932828242328
13.106875,13.104714,12.3717575,13.040684,12.99333,13.663574,13.544623766138365
13.521788,13.515859,12.841854,13.715776,13.539817,14.140381,12.30411203739249
13.487608,13.480335,13.154924,12.667749,11.892586,11.39209,10.347050527370392
14.094111,14.084629,13.64447,13.224613,11.658373,11.580429,14.435264865395109
14.195868,14.188793,13.547207,14.169373,14.283264,13.760651,10.63682347519415
14.22859,14.223853,13.325037,14.302258,15.958202,13.166138,14.833119265628492
13.835586,13.831082,12.898855,14.462014,15.43952,14.679291,15.759905444311588
13.7626095,13.760532,12.940002,14.195277,15.236469,12.995026,14.018416642195804
13.675646,13.672993,12.921274,13.956257,13.341658,13.856873,11.704656321945384
13.2914,13.288833,12.60157,13.952636,13.742682,13.724335,11.761307239417423
13.217406,13.210149,12.385647,13.63286,13.815102,13.481323,10.632636393008642
13.040291,13.032085,12.150206,13.312533,13.023433,14.372253,10.645700052701809
13.438786,13.433073,12.590082,13.51256,13.562733,15.42749,9.966841785402032
13.593956,13.58985,12.826687,13.467081,13.47651,13.4557495,13.300537104355923
13.867066,13.868148,13.309195,13.567968,13.273104,12.576324,11.539612246795407
13.743756,13.742154,13.034597,13.739935,16.469868,12.145416,13.73343460794792
13.812649,13.805192,12.67173,13.73535,13.381193,14.478638,13.05154401194543
13.050721,13.047779,12.099975,13.202015,13.119011,11.381714,11.480537189605265
12.707463,12.702883,11.72426,12.67711,12.937189,11.00708,13.134287285861433
13.425237,13.422445,12.497677,12.751105,12.722626,12.692993,15.091962109172512
13.660193,13.657613,12.636639,12.766312,12.993861,13.718597,17.405442932577284
13.217256,13.214211,12.211653,13.582125,13.585146,13.491638,15.087429941036005
12.999866,12.99789,12.021689,12.815065,12.515699,10.438599,10.099772554899085
12.727973,12.726806,11.978639,12.247515,11.98246,10.993103,14.100571197219477
12.1659775,12.164605,11.58745,12.607209,12.474873,13.341431,16.065517380302364
11.819538,11.819663,11.305218,12.5043125,11.953862,12.947571,11.01488901251586
12.149138,12.147948,11.235379,11.165123,9.543474,12.013489,14.53431356615777
12.798285,12.800291,11.765594,11.767182,10.33028,10.432678,17.73733561008694
13.288291,13.287206,12.296732,12.584164,11.828969,11.051514,11.974043060830985
13.515128,13.512909,12.534754,13.575691,13.391023,12.776245,17.37000656775762
13.688629,13.687117,12.737358,13.607578,11.438993,13.075836,11.166810660790588
13.443113,13.436136,12.398233,13.448436,13.4556055,14.208313,13.881907253754097
13.0711975,13.068383,12.360655,13.119028,13.134801,12.908508,9.408755156888628
12.904079,12.90754,12.386753,12.853478,13.049765,13.876587,8.981579950595446
12.924231,12.927523,12.292018,12.7174015,12.717091,13.9435425,10.60628732259709
12.83953,12.840223,12.2225895,13.032732,13.272248,13.619324,10.123765995167911
13.068681,13.068276,12.463913,13.882332,13.640518,13.472504,13.097834798846034
13.216827,13.213766,12.44936,14.215214,14.17043,13.870544,13.476792328827017
13.413157,13.4089575,12.624098,14.060467,13.717226,13.901062,16.146893963393616
13.549835,13.546062,13.059401,13.914996,13.8093815,14.102524,12.194144850455832
13.597707,13.589632,12.767649,13.905107,13.74172,14.041473,15.447125805884504
13.225109,13.217251,12.519178,13.702949,13.7594185,13.362976,14.122441893292102
13.298293,13.289079,12.510773,13.552187,13.042857,10.768219,8.763862635404
13.239142,13.233684,12.611401,13.424797,12.660213,10.8173065,13.38138234576167
13.239841,13.236745,12.55892,13.730438,13.502219,13.052155,13.015240274668235
12.976106,12.973098,12.33293,13.706103,13.154524,12.804596,14.28939515167148
12.722217,12.719761,12.221808,12.948527,11.983382,12.698456,12.891414012889236
12.55816,12.555075,12.217356,12.37114,12.324842,11.854309,12.158613020352387
12.200595,12.194554,11.43174,11.782849,11.712066,14.044281,11.064007089509351
12.163533,12.158328,11.11408,11.853906,12.182799,15.243591,13.340830507946194
12.436661,12.436087,11.543264,12.912708,13.007309,14.313904,11.694075856633738
12.796732,12.79601,11.94162,11.62863,12.6495075,12.64801,16.082587376367076
13.283113,13.280324,12.407822,12.759333,15.01337,11.117249,11.426253651831797
13.097899,13.094359,12.289958,12.762159,13.936722,12.348938,12.178418983265106
13.128584,13.124595,12.317382,12.53031,11.312377,12.159729,13.78067617079291
12.987688,12.98679,12.291943,12.862442,13.186485,12.66864,17.68868431635297
13.479004,13.478562,12.78607,12.473513,13.241607,13.740936,13.340423852915364
13.140954,13.142146,12.418259,12.592489,13.159039,12.3107605,11.57647535739418
12.491755,12.49029,11.921149,12.4379425,12.110298,12.173523,15.066629919273431
12.029308,12.024352,11.647809,11.727613,11.43321,15.627747,10.156510315663304
12.186496,12.18183,11.612025,11.824272,12.337378,14.401672,11.384878730344608
11.886248,11.881113,11.41186,12.0947075,11.8884325,11.941101,11.098816893803718
11.868241,11.862118,11.313253,12.22735,12.321412,12.689697,12.377009720701317
12.099739,12.09382,11.718376,12.3842125,11.659291,12.772339,15.50346363412301
12.012099,12.008699,11.668777,10.828101,11.592974,10.919556,11.13662607119812
11.519581,11.522008,11.360329,11.501051,11.645378,11.849243,14.463277227388811
11.7393265,11.742582,11.499893,12.4321995,12.201124,10.753296,15.88811646006521
11.965131,11.9628315,11.555627,12.087908,12.223539,12.143219,12.036836101739542
12.248194,12.244342,11.926891,11.562674,12.106473,12.841187,15.323429235288112
12.103685,12.098011,11.933718,11.650988,11.795463,10.5877075,10.82708648194692
12.06303,12.063092,11.8558235,12.525505,12.441101,12.250977,10.510521427239915
12.076622,12.075474,11.928238,11.981371,12.885988,12.523987,11.175206686839456
12.0801115,12.078671,12.050549,12.326957,12.281187,12.055023,13.54058198585847
12.122898,12.122086,11.9727955,11.64027,12.114982,11.962158,16.7528698483987
11.670546,11.667922,11.440812,12.332096,12.406746,12.950073,14.45968697461882
11.818727,11.814921,11.44832,12.49296,11.877629,13.09613,9.592586214857228
11.968129,11.9654665,11.742641,11.737541,11.137401,11.354553,10.032459052907823
12.435198,12.432936,12.152433,12.569027,12.317456,11.708252,10.43930438002653
12.363554,12.3634,12.104264,12.732153,13.103543,10.824585,10.885528232788024
11.86018,11.860396,11.5690975,12.329649,12.376543,11.564392,13.23788046627699
11.622508,11.622524,11.272749,12.086264,12.122379,12.431885,11.523242822023793
12.099331,12.096416,11.396457,12.257862,12.594358,13.48407,15.066289434841371
12.109888,12.109417,11.538427,12.526425,12.568991,13.223511,8.774783829660498
12.160516,12.161056,11.604569,13.521212,12.867868,13.332886,10.822298445006044
11.665375,11.669667,11.538778,11.859459,11.912445,11.999756,10.98724983765362
11.927385,11.928036,11.582949,12.138802,12.210941,12.5390625,14.544238753759576
11.782682,11.781492,11.466877,11.736681,11.479387,12.19635,11.038678603070236
11.715774,11.712972,11.413962,11.633813,11.985501,10.637665,12.619707333756253
11.383468,11.383189,11.28972,11.826399,12.594324,12.034088,14.39207025630425
11.89344,11.890889,11.604853,12.431303,11.900922,11.752655,10.654478801891765
12.374946,12.369729,11.844,12.430031,13.177626,12.714722,11.416536969584524
11.932485,11.933343,11.571041,12.239818,12.369133,12.017212,9.69725376950133
11.57336,11.572691,11.20241,10.648262,11.342908,8.625671,13.951166078950967
11.326286,11.325988,11.06241,10.844547,11.542791,9.952576,11.125656023734036
11.690848,11.685022,11.247803,11.242527,11.9102545,9.936951,14.10645275142462
11.751535,11.748233,11.293,11.760633,11.918718,12.111145,14.014288497047398
11.662816,11.660533,11.169733,11.918764,11.28998,12.653442,15.139504648782967
11.105209,11.10566,10.730553,11.288185,11.172983,12.083191,10.639559034157486
10.9766,10.980562,10.82325,10.861038,10.814971,11.791809,10.78034590266113
11.073454,11.077251,10.841244,10.710875,9.699077,9.626282,10.582055906936622
11.359151,11.36705,11.191204,11.536715,12.220144,12.150269,9.593195757618115
11.8225565,11.826547,11.3280945,12.218829,12.455551,13.665283,14.80367931625804
11.421046,11.425831,11.152119,11.600243,12.247135,11.484131,8.929696036440564
10.993483,10.999617,10.900809,12.0533085,12.012201,9.086304,13.454003995741193
10.786725,10.791194,10.870015,11.103958,11.233656,9.6345825,6.186519594301276
10.840846,10.844538,10.994482,11.013447,11.193993,10.750916,12.931665271005947
10.852163,10.850666,10.789407,11.364014,11.259394,11.369324,13.199454744701349
10.7588825,10.758719,10.780914,10.837998,10.610749,10.734131,10.621740362068303
11.148775,11.145764,10.941821,11.351685,11.069637,9.946838,12.104984624015655
11.2983885,11.293363,11.094273,11.31929,11.550046,10.649292,8.099551109181018
11.400434,11.391336,11.04586,11.022112,11.339074,8.489075,12.890136039644906
10.588043,10.582722,10.612766,10.491043,9.792814,8.668884,13.334471472390812
10.437405,10.436286,10.622179,10.65808,10.065392,9.299744,8.930864118300747
10.3587265,10.360717,10.561674,10.864588,11.582687,11.112976,11.937855403022352
10.847416,10.851766,10.976683,11.126776,11.617268,10.482239,10.072217830084416
11.12593,11.131235,11.07065,11.236578,11.727819,11.975708,13.495606160626837
10.842663,10.847647,10.860737,10.72924,10.380905,11.29126,11.48057353857143
10.7315235,10.731499,10.561178,10.497852,10.965665,10.760437,11.108605219870192
10.230461,10.227854,10.1986685,10.583752,10.839032,10.766724,13.24358963286154
10.621107,10.617348,10.449155,10.893316,10.9910145,11.089966,10.927740803660337
11.031525,11.027135,10.796984,10.801443,10.732866,10.82019,13.07080883068434
11.710547,11.703966,11.419258,10.618034,10.363183,10.078461,10.237824132309187
11.090892,11.090378,11.19115,10.762022,10.979723,10.666138,8.773439607243539
10.950477,10.951586,11.052757,10.894627,11.183479,10.861511,11.212833456644436
11.13596,11.134266,10.730919,9.827301,10.5394535,11.145325,12.474296218704762
10.683122,10.684261,10.417087,10.855017,10.814415,11.534973,7.840138383219074
10.86722,10.867462,10.600412,10.512277,11.471287,11.863525,9.04591313835022
10.853607,10.851754,10.538925,10.951738,11.752771,12.340759,6.867809364962753
11.196602,11.190822,10.96546,11.133423,11.160778,10.574463,13.4989072719602
10.934186,10.929905,10.741863,10.366988,10.528464,9.240112,10.648479053580806
10.858548,10.854032,10.667904,10.530807,10.299727,9.463379,10.47981755340735
10.488571,10.484185,10.250671,9.9585495,10.052806,9.237183,10.645249441422049
10.221279,10.216703,10.090336,9.817783,9.812316,9.720459,7.892513419878703
10.525521,10.522001,10.5954075,10.800061,10.245565,11.49469,14.100151527326576
10.736098,10.734944,10.702351,10.743026,10.5494795,11.580322,8.239260617389377
10.820944,10.822572,10.946142,10.410555,10.477342,10.806885,7.787665297244251
10.46426,10.469664,10.63509,9.54677,10.090507,8.761597,11.842256114410834
10.523069,10.524667,10.6633835,9.874276,10.309748,9.811462,10.752706517104944
10.376422,10.376691,10.414129,10.065376,10.339668,10.062439,9.653261067859134
10.40309,10.400671,10.403942,10.834843,10.645005,12.740295,8.431098678818246
10.32426,10.320286,10.355301,10.471277,9.845114,14.93158,11.492224582509088
10.276437,10.270835,10.2814865,10.33321,11.486263,12.308044,9.10407798383238
10.135888,10.129291,10.242399,10.498686,10.025136,10.511414,8.423501107381899
10.107322,10.10268,10.138031,9.681133,9.768155,9.864014,10.791876241944742
10.456797,10.448462,10.129191,10.263824,9.885552,8.693237,8.714256729070419
10.217248,10.209555,9.981834,9.510643,9.98647,8.134216,10.844449514137036
10.05102,10.048781,10.164061,10.077402,10.596004,9.698303,9.37863042146459
9.747721,9.753821,10.47168,9.932892,9.819868,11.6848755,12.533106526492578
10.619785,10.624327,10.813293,10.666611,10.537016,10.455872,12.647860623643854
10.796095,10.801549,10.785957,10.925256,10.974127,8.914551,8.74733263073277
10.176663,10.179686,10.190207,9.556007,9.549776,9.754761,6.568122529982384
10.200576,10.199109,10.106336,9.993786,9.794477,9.605347,9.670002058783584
9.599121,9.600499,9.842489,9.93687,10.038193,10.063171,10.867768255109189
9.80232,9.804957,10.127491,9.173376,9.640569,9.992493,13.707526452800934
9.87861,9.885166,10.338364,9.551556,9.400067,9.215088,8.2765110010601
10.429144,10.433729,10.614012,10.075491,10.488177,9.7561035,8.032565630727918
10.215396,10.217005,10.281352,9.866544,10.030623,9.857666,9.986190590966924
10.034513,10.035226,9.990934,10.230755,10.1340885,10.413025,9.431026199261442
9.812978,9.816693,9.820527,9.587024,9.584147,10.261597,10.594698434275632
9.916057,9.924083,10.084106,10.2446,11.10361,8.545593,7.240111142835072
10.0717,10.08007,10.295944,10.232245,10.36191,7.722168,9.719963614631071
10.2740755,10.278534,10.456671,10.290586,10.333803,8.352722,6.081756478684314
9.934869,9.935096,10.002063,9.661702,9.41991,9.301514,12.19267945308072
9.458284,9.458254,9.535463,8.736354,8.971703,8.494019,7.373343726786001
9.063717,9.066026,9.126063,9.429625,9.943392,10.072998,7.343284872946356
9.337035,9.341809,9.446852,8.954833,8.8138485,9.083496,9.362733684991838
9.5855255,9.590033,9.753103,8.835516,9.225075,9.180115,10.45417584452282
9.802761,9.801659,9.778865,9.778858,9.401448,10.676941,6.541863702157009
9.608847,9.609334,9.710985,9.755225,8.9347725,11.230347,13.45033846954675
9.6765,9.676164,9.701034,9.286481,9.581515,10.231018,10.357855860186431
9.189856,9.193418,9.568381,8.942858,8.581165,8.8046875,8.162746731045699
8.973293,8.973334,9.197155,8.789975,9.186364,8.844849,10.92306908628182
9.038426,9.037416,9.266113,8.89015,8.896578,10.384033,9.293425657775998
9.268891,9.267909,9.446429,9.412607,9.403266,10.270935,11.723613030127392
9.150662,9.150651,9.302502,8.30266,9.033375,9.21106,9.714565133426367
8.933385,8.933124,9.055235,8.89381,8.3368845,8.559204,9.307479180495296
8.635447,8.630715,8.633877,8.254604,8.803905,9.281006,9.942411693705903
8.728256,8.720843,8.851712,7.941433,8.554776,8.695068,11.498903474723022
8.851615,8.843504,8.965155,8.696556,8.100219,9.9453125,12.44833724313514
8.944241,8.94331,9.290526,8.740918,8.690281,8.8133545,9.718654670230926
8.9846945,8.986533,9.16511,9.153967,9.134331,9.121582,4.602204435987399
8.4980545,8.503457,8.938746,8.608297,8.424637,8.948486,6.383571729781528
8.7705145,8.770477,8.938137,8.4733715,8.206521,8.740784,7.086314094214485
8.772365,8.770243,8.985483,8.488813,8.979072,8.791077,12.137438406378514
9.197006,9.193037,9.227201,9.210339,9.765755,8.918518,12.98614053527773
9.390894,9.385776,9.423948,9.112236,9.537756,8.319397,6.095308308070203
9.645221,9.647629,10.017185,9.718697,9.959293,9.500671,7.470553266822467
9.039309,9.042974,9.765039,8.376768,7.636923,8.030273,10.048314667791702
8.546568,8.552826,9.330477,7.6593113,8.222783,7.833008,10.898434188489707
8.946158,8.947024,9.302247,9.207655,9.340303,8.723755,9.030306013689875
9.570714,9.569568,9.508952,8.904365,9.8894205,8.842773,12.702427840047312
9.609603,9.609036,9.579127,9.6408415,9.253161,9.37915,12.076465079012342
9.030225,9.031294,9.280366,9.777021,10.149975,9.452087,12.590835814685498
8.797292,8.799372,9.162935,9.066689,8.796757,9.466919,8.724454184056377
8.970772,8.976227,9.610582,8.358646,8.281214,9.9435425,10.129511875971549
8.968085,8.972189,9.549644,8.295945,8.717427,8.356934,10.178593033545091
8.926752,8.929773,9.562062,8.992577,8.853147,8.841675,11.00113474152954
9.0172415,9.017599,9.408155,9.056296,9.048453,8.624756,7.522660137184549
8.914948,8.91471,9.051342,9.3810425,9.55439,8.464966,7.66959296712419
8.711102,8.715497,9.081848,8.306346,7.857945,7.6276245,8.401218334412473
8.462442,8.467506,8.7886915,7.6780453,7.5135126,8.811462,9.812758830432376
8.629425,8.632581,8.986469,8.681124,8.2982435,9.214783,8.475128813904217
8.60992,8.606899,8.623307,9.046782,8.913254,6.975952,8.017268771055758
8.587535,8.582025,8.589119,9.61497,9.505532,7.9035645,8.657415374864645
8.064411,8.063246,8.360851,8.173161,8.612787,7.622864,7.14618072539453
7.9624434,7.9639196,8.452001,8.1890335,8.160493,8.514526,9.024511892872129
7.9169903,7.92194,8.543709,7.3714705,7.516563,8.34906,9.773456874890002
7.88348,7.8891745,8.468743,7.7775793,7.496689,6.3587036,9.292855658260796
7.6607647,7.667223,8.145306,7.5015173,7.836961,7.7337646,11.387207098537989
7.8589697,7.8625593,8.332318,7.7327795,7.9399033,8.5564575,12.096975725941014
8.983354,8.98118,9.318493,9.442211,8.824501,7.1053467,11.06083393339884
8.912429,8.90967,9.310013,9.293035,9.227359,9.379272,5.420696483996396
9.134654,9.128446,9.345146,8.959484,9.106432,10.109985,9.60175992197201
8.355395,8.353045,8.837013,8.713398,7.9779925,10.333984,8.485589928727752
8.088805,8.087879,8.528774,8.296785,8.502451,8.466187,9.185043228157364
7.7429075,7.747984,8.475549,7.5867066,7.598201,6.536072,9.390221059866604
7.7356215,7.7398357,8.128539,7.566757,7.4559555,7.6431274,10.099098965549704
7.7469482,7.7529163,7.9386606,7.720623,7.9660625,7.4957886,6.23598763908914
8.139137,8.143485,8.323017,7.446886,8.957014,9.25177,10.675984127811596
8.256668,8.260484,8.630093,7.715413,7.6967864,8.669006,5.230689915063749
8.293527,8.29517,8.985477,8.119095,8.1051445,7.916565,8.70665247720396
7.7557592,7.7549553,8.296733,7.82317,7.7886524,7.782898,5.457966728622857
7.8812265,7.87868,8.271858,8.417965,8.206303,7.9299316,6.30217423326729
7.56009,7.557004,7.915125,7.333758,7.515541,7.6887207,5.335734831662533
7.054104,7.057356,7.6315556,6.9393244,6.8865223,6.7944336,6.288112862615822
7.4498663,7.4542494,8.07639,7.536669,7.56701,8.034485,4.603299196687928
7.598234,7.603631,8.137038,7.4645634,7.688822,8.261719,7.297238490979401
7.8854218,7.8898096,8.595553,7.749442,7.605163,7.8150024,6.370726446828776
7.973386,7.978858,8.792969,7.2350354,7.664302,7.3529053,9.186401035392338
7.575836,7.5805454,8.4446945,6.9222856,7.4159994,6.8324585,8.112036374808541
7.54117,7.547126,8.466585,7.2133408,7.904243,9.394104,8.713187550208573
7.6976376,7.7016745,8.601496,7.414251,7.5410223,8.859619,8.216304062405337
7.4535074,7.454462,8.250336,7.5163145,7.3273616,8.002197,7.131780864826053
7.380019,7.3761053,7.9405484,7.3241215,7.713376,8.384369,6.873184675612807
7.67128,7.667634,7.9750934,7.779323,7.9220247,7.3686523,4.546545888343249
7.4547453,7.451398,7.6747413,7.8161907,7.488696,7.9884033,9.67883722489707
7.5955515,7.59412,7.7716208,7.54072,7.601101,7.916748,11.158983623796209
7.2846575,7.285595,7.775193,7.88358,8.364028,7.6083374,7.448158219815893
7.836814,7.8356085,8.215433,7.273738,6.511029,6.106079,6.360367131587761
7.735979,7.733451,8.071056,7.9081516,7.2417307,6.220093,5.5881607845079415
7.4615498,7.4607544,8.014131,7.9990044,7.376421,7.1918335,3.71089893291714
7.502681,7.499277,8.03318,7.7259464,7.6553335,7.9054565,10.135172745870324
7.8353996,7.8312626,8.494013,7.836544,7.5059614,8.317383,6.782386435167784
8.003263,7.99792,8.64258,8.271217,9.309978,8.620056,9.158960922287926
8.047498,8.044566,8.572966,8.257452,8.0996275,9.045654,6.292484730995512
8.015673,8.012784,8.451063,7.8402653,8.013708,8.038696,7.990350612792653
7.859866,7.85804,8.385458,7.820221,7.704056,7.8691406,7.965460370516896
8.148203,8.147412,8.746933,8.014307,7.6791945,8.2769165,2.0767715893674774
8.309037,8.309209,8.921882,8.241135,8.373872,8.844421,9.554881336601248
8.264537,8.267899,8.929251,7.8308983,7.585015,9.312195,8.869440743343608
8.017168,8.021686,8.704338,7.7754054,7.890177,8.3186035,4.361467379426051
7.7468386,7.753439,8.638578,7.0300913,7.5188465,8.083862,6.150692279926066
7.7764416,7.7812243,8.397155,8.359323,8.249902,8.588928,7.575942749730085
7.9005785,7.8982906,8.105179,8.552801,8.359564,9.134552,6.45419419502727
7.562319,7.560791,7.692094,7.992465,7.265645,7.6014404,7.363507945393391
7.721633,7.7228775,8.313385,8.037703,7.6899877,8.0512085,6.126280796338556
7.6637354,7.6703987,8.703264,7.2242107,7.093008,7.0603027,6.028592581602518
7.566517,7.57446,8.592138,7.323617,7.171797,5.7199097,4.9913362388362845
7.9976854,8.004866,9.058528,7.6105566,8.069431,8.759949,6.983804942904347
7.9974413,8.003327,8.882795,8.184475,8.355298,8.213928,9.086896636319656
7.108611,7.1200027,8.107476,7.529773,6.116819,6.2770386,6.510289083910904
7.1129465,7.124153,8.039124,7.0526214,5.983485,5.9241333,6.112404925367118
6.618511,6.6306143,7.6647415,6.6800776,6.9971457,5.4199524,5.069639361940068
7.0947304,7.101676,7.9331017,6.4526386,6.478531,6.546692,8.590075589899076
7.4677534,7.471877,8.404423,7.4206076,7.3587694,7.5513306,9.533199094931597
7.2897024,7.294203,8.329119,7.1348195,7.079806,6.9921265,6.277001425421303
6.838974,6.844864,7.9018497,7.1713734,7.207372,5.841217,6.9240556113258656
6.5687695,6.575738,7.56664,6.6400437,6.5248785,5.7029114,8.682242614963197
6.735611,6.739009,7.529942,6.93349,6.7226725,5.6843567,4.955557644943762
7.018196,7.017787,7.63899,7.3943186,7.4099884,6.4739075,7.502048495143811
6.779849,6.7816095,7.505519,6.932064,6.706475,6.5043335,7.051947956795714
6.5288935,6.5338855,7.591675,6.7488713,6.912797,6.5872498,7.23656038552269
6.366896,6.3753905,7.4073606,7.073785,6.4833655,6.168335,7.8550958450594015
7.02458,7.0323257,8.031794,6.7352,6.8467827,4.673828,6.090065441854561
7.629941,7.6328707,8.456135,7.585166,7.4848275,8.556274,5.811006128800791
7.4730024,7.4756308,8.405972,7.0213747,7.3584685,7.403137,8.026023337390876
7.267396,7.2708616,8.195956,6.9459944,7.0323215,7.583496,3.547585174180452
7.05291,7.056322,8.10986,6.6467276,6.9937134,6.7558594,2.01627801836091
7.3617353,7.366316,8.338138,6.532247,7.0771065,8.462463,6.812657354017195
7.2532167,7.2535124,8.13661,7.552248,8.310529,6.685425,6.477135453564545
7.347728,7.346985,8.187084,8.207058,8.863483,7.6894226,4.8014329167855925
6.8926315,6.888542,7.7374816,6.9709997,6.384265,4.3640137,5.602411151400741
6.8505373,6.8493347,7.811783,7.0294065,6.5018578,6.2800293,7.594981195829256
6.9848433,6.985009,7.553359,7.10679,6.705061,7.2667236,8.002449885753947
7.4618025,7.4622526,7.919056,7.2800703,7.3258095,7.1328125,6.742606641932817
7.377741,7.3767805,7.9220533,7.149207,8.066082,7.637329,3.54741240133045
6.934143,6.9358673,8.028617,6.7058096,5.302619,6.2822266,6.326010782132895
6.2759624,6.280479,7.3545513,6.560346,7.1065426,8.044769,7.8229459831212385
6.288081,6.2862277,7.007334,6.7899094,6.6095104,7.310913,9.811369971230608
6.556821,6.5542,7.3889,6.946374,6.8588376,5.8148193,6.806700020540439
6.4487534,6.4483285,7.410351,6.471196,6.406438,6.5977783,4.87964605995216
6.554905,6.5601845,7.7546473,6.5787897,6.0811124,6.0400085,7.318754108713487
6.875019,6.8843517,8.00505,7.0223927,6.4386854,5.574707,6.759064684360332
7.3079767,7.316268,8.328759,6.757661,6.8643484,4.9489746,9.546951218380714
7.2599,7.267646,8.084454,7.3109674,6.544799,5.1914062,5.85966366822668
6.9697266,6.9739656,7.8271875,7.3361006,7.2219157,6.3615723,8.527898410176816
6.63992,6.6433983,7.521748,7.162746,7.3602467,7.0027466,6.936473194963024
6.6077876,6.609925,7.3567324,6.8484054,6.9152613,6.7893677,3.2218114334702923
6.8557987,6.855756,7.345066,7.006056,6.846092,6.808777,8.468429455028598
6.9414024,6.9424953,7.5360756,7.257299,7.3997054,6.4319763,3.120119067744323
6.832752,6.8338947,7.69163,7.013962,7.102829,7.6271973,6.186691137498394
6.4782715,6.485578,7.815837,6.9339285,7.2981253,5.679016,5.523114911403249
6.214504,6.2244444,7.4027095,6.4403563,5.9963946,8.416107,5.888747230063829
6.4342995,6.4444704,7.412878,6.604145,5.610754,8.408844,4.311630378477406
6.5823016,6.583103,7.066799,6.8063517,6.6807613,8.120911,2.656277704368188
6.596472,6.597228,7.233396,6.330081,6.870904,7.59198,8.619918249677845
6.405834,6.410261,7.0801463,7.0685453,7.2655773,5.950531,2.9766867984437333
6.3897676,6.397874,7.335857,6.646739,6.7769246,7.327759,7.5204029217139965
6.545413,6.5545673,7.3745236,7.174488,7.391632,5.93631,7.943160551540783
6.80844,6.8145657,7.6734934,6.8045034,6.821738,4.9398804,10.058338651941863
6.830797,6.8309975,7.48003,6.7393713,6.916994,6.7096863,7.401962066595501
6.424846,6.4272585,7.1969256,6.836915,6.5448484,6.582184,5.034495368197169
6.636574,6.6428547,7.5673265,6.7262206,7.0368176,5.600891,4.848465680026775
6.468251,6.4791555,7.635186,6.2332625,5.954651,3.444641,5.664601140920685
6.56092,6.568535,7.6271544,6.307478,6.430647,5.820038,6.152119572004728
6.2370663,6.242365,7.0248775,6.4709883,6.415452,6.9463196,6.047572533872332
6.38225,6.384778,7.176839,6.7350445,6.5127163,6.663452,6.501590728120076
6.3098965,6.3131347,7.271413,6.582098,6.500149,7.027832,8.68939198003564
6.3577595,6.3606234,7.5574937,6.572238,5.8312273,7.1331177,7.043186861600322
6.6563663,6.6597357,7.5863466,6.7857113,6.6935296,7.5130615,7.083882974857939
7.257118,7.258169,7.8306093,7.518223,7.339738,6.806885,9.576680265325416
7.020094,7.019891,7.608817,6.631436,7.03286,6.3648376,5.843744335873373
6.4365063,6.440325,7.4388666,6.2556086,5.9189763,4.839203,6.731336243633964
6.4376984,6.439426,7.264853,6.7086964,6.5676794,6.063019,6.044182355233885
6.565919,6.568229,7.4971786,6.6773834,6.6745796,5.866333,6.458441914567356
6.5397987,6.5420513,7.4333434,6.611456,6.758453,6.627289,5.329036871157317
6.6761074,6.6812983,7.6826563,6.87799,6.6832457,5.511566,6.310161556434285
6.756669,6.758277,7.670127,6.745443,6.308546,5.53006,8.752165994154549
7.0631638,7.066762,8.01341,7.152601,8.960626,5.6138306,9.853238431413583
7.037298,7.041662,7.920758,7.356439,7.8505754,7.1151123,8.2445086744573
6.91298,6.9236298,7.8364573,6.844598,6.4908547,6.675537,7.326208057431829
6.416746,6.4248614,7.1039863,6.5195475,5.4054413,5.5724487,7.124961308459302
6.531792,6.536188,7.1481752,6.42892,6.4804096,5.628784,10.421974077902338
6.386455,6.385404,7.0382624,6.505431,5.818989,5.622162,5.053011122722064
6.7336845,6.731118,7.424658,7.170424,6.86283,7.202942,6.474371309145364
6.3562555,6.3569436,7.0793343,6.99977,7.688583,5.589905,7.707021049753925
6.344247,6.3473496,7.073332,6.504464,6.0354114,5.5230103,6.412606082017438
6.227315,6.233323,7.0526247,6.063755,5.4263196,5.370819,1.3903880120348182
6.540753,6.5447245,7.5420895,6.527134,6.4079013,5.949341,8.232939265019805
6.0919933,6.0954638,7.2023964,6.3331676,6.638669,6.8026733,9.27034549044747
6.6058426,6.602853,7.5152407,6.8288536,6.5806513,6.4072266,5.139532535297535
6.62535,6.626258,7.5918026,6.843507,6.7580347,6.2395325,4.687535732348263
6.509785,6.515853,7.58561,6.932337,6.659629,6.8621826,6.579637971283956
6.255164,6.2640505,7.2682524,6.2936964,6.6379695,5.250824,7.030916944552133
6.1762056,6.18601,7.276825,6.4892797,6.655138,4.866928,7.75663533545697
6.478349,6.484437,7.4985485,6.635231,7.455017,6.171295,3.064827322949689
6.368747,6.375098,7.520659,6.8027067,6.816967,6.2348633,3.000952592915168
6.9401093,6.9439535,7.7751737,7.2164264,6.8178453,7.4643555,9.194111750978983
6.4907827,6.492981,7.339283,7.273554,7.764777,8.8089905,3.7233233149335816
6.3188505,6.3203917,7.1812677,7.363191,6.9601474,9.647308,7.13689411518406
6.0192447,6.0206957,6.944886,6.793086,5.94432,8.750122,3.823228750432777
5.897352,5.9016056,6.9865947,6.904129,6.668824,6.560852,5.047675331418606
6.2933064,6.29596,7.366596,6.538182,6.418662,6.5042114,8.116116187723268
6.680751,6.6838818,7.953054,7.2837267,7.0380125,7.4138184,6.532326474129305
7.0161676,7.0178337,7.962526,7.142269,8.090572,7.514679,10.254362752784552
6.899908,6.900176,7.7947598,6.6272182,6.7998276,7.4459534,5.536535861371272
6.8110437,6.8104515,7.6327276,6.7717505,6.817217,8.05072,5.400309586358167
6.8457317,6.846347,7.729686,7.462551,7.10772,6.7182617,4.058717871687972
6.8175545,6.8216,7.908154,6.8961062,6.7141266,6.3341675,5.922993835822631
5.9180183,5.921075,7.0042896,6.450589,6.45533,6.1933594,7.095089824357104
5.9342175,5.93745,6.802887,5.639342,5.9487095,6.2433777,4.562761016547466
6.4019055,6.4079723,7.2404423,6.1602054,6.577742,7.277771,8.422892381932755
6.5540776,6.561412,7.5394325,6.5225215,6.704578,8.191162,9.28845489326935
6.7574244,6.7662077,7.6472654,6.681914,7.549059,7.246399,4.505886359745416
7.1515036,7.154376,7.9661045,7.34933,7.0219393,7.026245,3.48360185967412
7.128231,7.1270123,7.8155475,7.150813,7.7152557,7.928009,6.4226412313755015
6.5844994,6.581975,7.385771,6.882474,7.0943527,7.670349,5.457496470489367
6.926194,6.926857,7.7788963,6.504688,6.381963,6.233551,9.439507733479978
6.8986177,6.8993006,7.779517,6.8114367,7.044773,6.3138733,5.584482474907609
7.350588,7.3547106,8.190012,7.584593,7.749352,7.395752,8.00402689432116
6.831934,6.8373213,7.762642,6.7314634,6.733489,7.782715,5.0503493263087815
6.6748343,6.6808825,7.4926076,6.563428,6.6069775,6.761963,10.175318404909012
6.2729044,6.278327,7.1034174,6.5529413,6.4392986,5.917816,5.625343982577153
6.5440607,6.548588,7.231208,6.6448793,7.456919,6.489197,5.07966367432606
6.5313663,6.5381055,7.348423,6.6165457,6.6861143,6.200348,1.3828828473552095
6.460139,6.465938,7.386815,6.613475,6.376899,6.291168,10.23187924923013
5.8936806,5.9004803,7.0555906,6.2839956,5.5499144,5.1681824,8.862653475943247
5.757875,5.7599306,7.0039387,6.3554406,5.9533777,5.343445,3.658378382818199
5.776499,5.7784786,7.0313234,6.2216997,6.287071,7.2441406,6.781563271953094
6.068198,6.0689826,7.229224,6.105339,5.985445,6.2886353,4.987464200337743
6.3927326,6.3951225,7.3173814,6.6620927,6.076466,6.5396423,3.484782692275316
6.5343647,6.537653,7.506716,6.59649,6.637989,4.8874207,9.024620474948737
6.6913157,6.6946754,7.6232996,6.67426,6.593477,6.1436768,4.298245269499722
6.524728,6.529015,7.7845607,6.5601926,7.3835564,5.526703,3.9970696330398
6.559292,6.5617805,7.5765047,6.6256504,6.751613,4.820526,4.344128928543755
6.7141743,6.717229,7.673914,6.6023607,6.9997654,6.227173,8.537223712614793
6.5702543,6.5724874,7.2328377,6.673665,7.326179,6.59198,4.456734651955228
6.2617607,6.263896,6.932431,6.895211,6.3866687,5.7055054,6.800409081379639
6.0450196,6.0462475,6.650253,5.502347,5.4991016,5.671875,4.283436066398568
6.337344,6.3417974,7.0371284,6.2955074,5.992546,5.653351,7.420737691304156
6.9793015,6.984168,7.6535196,7.1169844,7.27275,6.720764,5.932091137149518
7.1688423,7.1717873,7.7482166,7.0624695,7.2135973,6.9956665,2.7499871379531142
7.2112856,7.211954,7.8236833,6.981983,7.1676564,7.459717,8.89749833484169
7.0073805,7.008623,7.723361,7.3569555,7.2597136,7.4334106,6.704879596735384
6.7065,6.7105703,7.692689,6.9634094,6.4621625,6.1600647,4.081637765252896
6.604498,6.6075087,7.7073183,6.6995406,7.1829185,4.874634,10.274069572048903
6.533186,6.5355983,7.683982,6.565792,6.95234,5.5441284,4.735883047648802
6.9239607,6.923627,7.9256744,6.807242,6.9521933,6.8033447,7.1457185961382175
6.925971,6.923505,7.6641073,7.1646967,6.5523896,7.165344,4.979325395526006
7.519535,7.5175905,8.143161,7.8190594,7.1398163,8.080933,9.01710365965285
7.4384813,7.4365463,8.050605,7.356616,7.3625813,7.907593,6.354278957889878
7.0634966,7.063607,7.5375104,6.8752956,6.7705774,6.99588,5.815190023574595
7.214122,7.2171764,7.5827713,7.190442,6.8249025,6.9709167,6.756656145503455
6.8353777,6.8419876,7.3351088,6.503813,6.465417,5.2044983,6.039238759500487
6.959399,6.968193,7.6746445,6.4833384,6.2319207,6.4355164,10.020767317680368
6.571747,6.581007,7.6495605,6.7719693,6.5242996,6.7835083,5.804498133728635
6.8380327,6.847045,7.88836,6.972337,5.9901323,8.123108,8.483737896483948
6.8314734,6.8359966,7.662369,7.1824565,6.9865503,8.325958,6.660430024964123
7.0799704,7.083456,7.7301207,7.7406597,7.217214,7.927002,4.175145005227918
7.2914953,7.2914543,7.9911575,7.3907566,7.466119,5.9802856,2.9477574593562954
6.8516607,6.8547907,7.7712297,6.707873,7.0549974,7.4000854,6.751782878523476
6.852869,6.8542004,7.691347,6.9587564,6.8311024,6.911133,3.7298084105247895
6.8759766,6.8795414,7.5782466,6.7955384,6.2309804,7.3615723,11.32153139153992
7.097337,7.0989037,7.7184644,7.228571,7.494729,7.3273315,4.772452055896283
6.954258,6.9561214,7.6039186,6.947134,7.3172784,6.5509644,7.6380996150018365
6.7780895,6.7794895,7.531987,5.958795,6.0301375,5.5915833,8.68950991882078
7.3137865,7.3150454,8.014677,7.3605385,7.6865106,5.663208,8.033233890466567
7.3242073,7.322982,7.9037304,6.5681744,6.8473263,8.429016,7.674089007917259
6.829816,6.824876,7.1971917,6.192398,6.0300617,6.888977,4.863708054303258
6.7950706,6.793708,7.1970077,6.0050945,6.859578,6.1349792,8.470555409334297
6.5985107,6.59961,6.9766436,7.1306334,7.428757,6.6208496,5.87591148692206
7.12381,7.1288824,7.607882,7.834296,7.4128594,5.6066284,5.295509877758311
7.6339893,7.635438,8.063763,7.9631,8.048204,8.086731,9.326237422380878
8.22921,8.230807,8.608887,8.163155,8.16492,8.909363,5.0527066740232485
7.8766537,7.880604,8.345039,7.8196297,6.759244,8.54303,9.666929715305391
8.147016,8.153933,8.67721,8.031549,7.821924,8.049438,4.047085325362845
7.6857204,7.6937485,8.443455,7.391968,7.814583,7.6449585,4.228448751743089
7.6309195,7.6364336,8.363362,7.2924123,7.6260524,8.030762,7.113919066245654
7.616748,7.614702,8.258062,7.260578,7.378099,6.663452,6.146411175753403
7.3884964,7.388795,8.099031,7.08675,7.3861017,7.2244873,9.50428021041859
7.078162,7.0818596,7.7778964,7.197757,7.132652,6.404663,9.235766065158206
7.036577,7.0407715,7.7725387,6.874168,6.8554516,7.3169556,10.857810789127116
7.0013905,7.0003147,7.653467,7.247682,7.920453,9.266022,6.37658774911011
6.9858847,6.9842463,7.5739603,7.1862097,6.6325727,9.508575,10.86216936582942
6.7394,6.7395124,7.321487,7.366382,7.1491294,6.57547,8.791032599791256
6.880661,6.879817,7.4810734,6.510891,6.5992374,6.820801,5.542742012572655
6.9639874,6.959976,7.594729,6.7504663,7.150114,6.193939,3.705237894144585
7.0568056,7.053684,7.9073133,6.443462,6.2930217,6.224304,11.920084484644768
7.4517384,7.4487696,8.355541,7.507414,6.7428923,5.9176025,9.874660399514138
7.6158056,7.6167364,8.395782,7.8497167,7.9465723,8.8133545,7.436785098683755
8.131143,8.130349,8.64502,8.018321,7.3732495,8.351746,7.453106377216645
7.708845,7.711446,8.45523,7.7320824,7.7154064,7.060425,9.836974545621723
7.6181564,7.6254644,8.554363,7.051362,7.556594,7.038025,7.401545851750937
7.7080803,7.7158947,8.437084,7.792738,7.7831497,7.456726,10.76503340426022
7.7524395,7.760289,8.5144615,7.785861,6.739863,6.473755,9.851673235906745
7.5497694,7.555827,8.273562,7.5534315,7.031679,7.7009277,7.965565358255695
7.578211,7.584858,8.336288,7.2785225,7.726121,7.3771973,4.249613762600079
7.3861895,7.3959894,8.127888,7.677041,7.710344,5.9348145,7.895415863563247
7.6258984,7.6322565,8.2050495,7.4224367,7.1921926,7.0614624,5.221000004093552
7.758377,7.766177,8.336758,7.3955626,7.9621964,6.276367,4.9613953575873335
8.004506,8.009806,8.461179,7.7460556,8.137692,7.8968506,6.397166439411044
8.244198,8.248548,8.845242,7.671894,8.045021,8.080017,9.737263725030433
8.267605,8.271259,8.718927,8.183216,8.00014,6.7542725,5.692192451009818
8.253111,8.256997,8.706463,7.683627,7.518984,7.321472,5.81325515268448
8.172531,8.181408,8.608464,7.9221945,8.169199,7.22406,7.043477422630966
8.436938,8.441676,8.684721,8.323617,8.148386,8.758667,8.282445900119443
7.9821014,7.986557,8.319965,7.7926054,7.794982,8.452515,12.459527217147912
7.80733,7.805375,8.239071,8.325236,8.750884,8.204773,8.713723579778637
7.4910994,7.494355,8.396478,7.148823,6.918935,7.0281067,8.077555427416435
8.035979,8.040019,8.845781,8.479967,7.9272923,9.283813,5.997170980177398
8.246339,8.250772,8.722647,8.790588,8.663587,9.130615,6.612998174777656
8.232355,8.232564,8.4074,7.718837,8.027682,8.222412,7.491697275102746
8.083917,8.0824175,8.323263,7.9413815,7.53769,7.7719727,8.368775421494055
7.9114523,7.9132433,8.423332,7.8190365,7.3904667,7.2922363,4.048339105204322
8.011291,8.012699,8.424676,7.196931,6.8239956,6.9157715,9.975238582291103
8.314807,8.317576,8.619787,8.354593,8.495721,8.300049,7.680947950460505
8.288311,8.288098,8.490779,8.350101,8.254959,6.760437,8.288618299454953
8.4268265,8.430121,8.897427,8.419929,8.246217,7.02594,12.604633944351669
8.073571,8.076221,8.49391,7.55752,8.110372,6.7266846,5.902601051074645
8.441663,8.446298,8.786505,8.290766,8.489094,8.4661255,12.411611529040025
8.203107,8.206186,8.292453,7.2455597,7.2161665,9.698059,7.608590353601522
8.226496,8.2296915,8.447625,8.165412,8.066938,11.3811035,7.115724314977108
8.218583,8.222403,8.486719,7.8520303,7.890014,9.015259,12.386499582330387
8.444417,8.445736,8.847715,8.197138,8.037482,8.803223,8.682318495480185
8.395402,8.399255,8.737961,8.53175,8.33507,8.350586,8.974655354207146
8.354311,8.356688,8.689646,7.932315,7.6752515,7.803406,10.21396462237286
8.74995,8.756366,8.970603,8.3664,8.228232,7.3618774,7.160976691941551
8.701878,8.702984,8.884262,8.073747,7.643319,8.397156,7.674201392542021
8.794785,8.793076,8.917192,8.881479,9.358242,8.827087,8.070340250834057
8.682341,8.680187,8.893376,7.643032,7.9503136,7.1902466,10.53568744725955
8.624629,8.629829,9.0405,7.765826,8.966792,6.1571655,7.8386625708179
8.580953,8.589725,9.182399,7.9755735,8.066949,6.61499,5.492436474703535
8.216496,8.22761,9.084225,7.3729687,7.289366,5.7870483,6.924136104347908
8.521844,8.526666,9.356966,8.441019,8.497267,8.675232,9.046875416698974
8.4188175,8.420081,9.172581,8.732744,8.729061,8.706299,3.636747343563676
8.765137,8.762346,9.173127,9.147282,9.144817,9.273926,7.633404794193287
8.658064,8.656003,8.964781,8.756296,8.384084,8.077759,8.166199102765415
8.708427,8.706771,8.8919,8.766886,8.445606,7.611023,7.46871110702744
9.028655,9.024452,9.179531,8.601416,8.89574,8.109863,9.707524760063476
9.30113,9.293861,9.093996,8.364062,8.800803,7.609131,8.562664121878118
9.14796,9.14477,9.296188,8.781269,8.827125,8.894836,12.308772879630126
8.764183,8.763418,9.136082,9.048526,8.966301,9.353149,11.40561705245362
8.288227,8.292098,9.274591,7.782425,7.981651,8.778503,6.92687992223782
8.308652,8.313936,9.126911,8.412021,8.784452,8.560608,8.740556361452409
8.45134,8.457903,9.021518,8.06259,8.498747,9.526978,12.42940743017382
8.959342,8.962095,9.1285095,8.945038,9.561393,9.329224,8.12666077749591
9.524879,9.5242195,9.644342,8.574186,9.200096,8.718323,6.251309101863289
9.452736,9.45112,9.748541,9.020033,9.162971,8.869934,6.6078347803427615
9.525209,9.526567,9.865148,9.13343,9.401394,8.79895,6.962068048750538
8.999023,8.998669,9.217567,8.757467,9.336936,8.916748,9.254648694685034
9.036439,9.040939,9.299598,8.444084,8.677416,8.460815,10.495576432825567
8.748263,8.752802,9.192627,8.089228,8.372591,8.219299,10.469264761944178
8.607824,8.614689,9.199631,7.455786,7.5081615,7.031616,8.707290058366572
8.851762,8.851712,9.321777,9.086204,9.527286,8.422485,11.834536552525869
8.951443,8.94784,9.134524,8.895154,9.084982,8.780273,11.221454136465802
9.330739,9.326345,9.403357,9.073551,9.41871,8.462341,12.07218294467246
8.975574,8.971711,8.997901,9.463555,8.84502,7.7545166,9.788568154229496
9.287556,9.283907,9.45273,9.214111,9.562546,8.152954,9.389228167667754
9.298092,9.292137,9.45418,9.049232,9.618274,8.36969,8.57065068776311
9.436315,9.431596,9.5879135,9.560282,9.849765,9.760193,10.21805083343319
9.045628,9.044646,9.378588,9.357008,9.153244,10.935913,7.148234745384887
9.16085,9.162815,9.497162,9.431488,9.149091,10.011536,14.540660421185605
9.0471945,9.050097,9.529844,8.911691,8.897107,9.223755,8.603848163765221
9.473419,9.47788,9.898839,9.02365,9.727251,9.261658,10.825494200427684
9.226528,9.229279,9.729589,9.408882,9.163374,9.057312,9.433260874712223
9.400554,9.406989,9.953504,8.777851,9.090548,8.409912,9.62193175348609
9.308211,9.3092985,9.6539,9.181678,9.157251,8.630188,10.17401852393532
9.607565,9.609555,9.953655,9.8371315,9.704414,9.340454,11.073307385862751
9.621807,9.62323,9.935186,9.310965,9.126272,9.10083,11.314334987704104
9.029565,9.036417,9.579039,8.705547,9.410653,9.280212,9.078153303516777
9.362433,9.366482,9.782314,9.875771,9.760404,9.865906,8.660753224241203
9.49347,9.492177,9.672119,9.567183,9.963713,9.769287,8.10219161613997
10.236087,10.230898,10.205784,9.432658,10.216973,10.033386,7.877635171616649
9.8399315,9.839246,9.9697,9.353291,9.49746,9.228882,9.748190195447911
9.5958,9.592668,9.844034,9.812126,9.65561,9.913452,8.516264797904922
9.408979,9.405027,9.550043,9.225857,8.963402,9.172852,10.43690531666382
9.428623,9.42994,9.605328,9.691397,9.634809,10.902039,11.461838963722652
9.872,9.8731985,10.037188,9.662577,9.48484,10.392822,11.77101261144676
9.918048,9.917672,9.930941,9.474699,9.350997,9.787476,4.385028126964235
10.310167,10.308685,10.166103,10.828343,10.429716,10.77771,9.940538106170829
10.469977,10.470543,10.44829,10.761381,10.600829,10.914917,14.026426585646082
10.693614,10.697583,10.773718,10.609564,11.081289,10.15802,10.933954045377131
10.624285,10.627089,10.58512,10.23312,9.976331,10.125916,4.994857582665663
10.016501,10.01676,9.924157,9.464598,8.969194,8.332642,10.77177474047246
9.884909,9.885576,9.802898,9.667259,9.589184,7.911621,12.1723614340214
9.526876,9.528055,9.911282,9.0980015,8.571494,7.272583,10.877773634952034
9.666289,9.667025,10.149763,9.679134,8.703613,7.302307,7.345960268866428
9.457356,9.454822,10.0945215,9.125183,9.480924,9.299011,12.68498285142102
9.88111,9.881852,10.395451,9.97035,9.695356,8.368103,9.196886602943517
10.421924,10.428593,10.700107,10.231341,10.705917,8.414368,13.248067969608329
